,id,work_center,username,password,full_name,employee_num
0,1,55.0,admin,pbkdf2:sha256:600000$5OyqaXoJk6l5fKcO$4714a476c950da2a37f93a1c9da640dc9b584c413a56feaaf603190e889e0aa7,Daniel Tham,0
1,2,55.0,miko,pbkdf2:sha256:600000$ArPRmWvd0ZeoFN9j$00cd896903b83c50862c029b3849f9a742191c34a3cc70021c3c8bffda31c8b0,Anya Forger,2778
2,3,55.0,dtham,pbkdf2:sha256:600000$nf163FBLAxZh4LXc$cf5ca462b4616b2a8f64471e26102ded2759c14a04745c95527af86ed119f975,Dennis Tham,690
3,4,55.0,tony1,pbkdf2:sha256:600000$oKNkJuhXkSVjkoIi$7af46a5b1be3652d3fc7eacbd210b8f0e61140096dd7d99be2e6a48d81c744dd,Tony Lee,4
4,5,55.0,johndoe,pbkdf2:sha256:600000$At6G4ZxKNDPQOsRG$b61c30346ebd7b6b5c88f7ec7d557f6290c7cc50dc6b0d4ce7ecf5049f79b679,John Doe,25
5,6,55.0,Lizh,pbkdf2:sha256:600000$HPESh3YQIr8XNyFh$dfa184dd029c24ffb2f24746ffa4f4c11e543ef661e3cabf0157343d5206f939,Jason Lim,369
6,7,56.0,TStark,pbkdf2:sha256:600000$E7BtWAc43B5JevaA$57d4eb477f2daa3caa954f3a0cf98d98795730fcb9ce304b7e84591d881089b5,Tony Stark,114
7,8,56.0,tblair,pbkdf2:sha256:600000$1crzsfj5L4DPFZ4E$689d403ae1cc7784d3358a8002261224105d8a86e02c9abe6e358a8061a07f3f,Tony Blair,1
8,9,56.0,bobby,pbkdf2:sha256:600000$5sA2hLt7wi7Afl2s$cd2effa9b4245b9a6f51a0bb796674d73c9d18c2584b5dee4d759e577dc7e387,Bobby Chan,125
